{
  "has_palsy_acc": 0.7368421052631579,
  "palsy_side_acc": 0.5789473684210527,
  "hb_grade_acc": 0.3684210526315789,
  "sunnybrook_mae": 20.650787353515625,
  "sunnybrook_rmse": 24.314138412475586,
  "sunnybrook_r2": 0.15935979716480053
}