{
  "has_palsy_acc": 0.5263157894736842,
  "palsy_side_acc": 0.47368421052631576,
  "hb_grade_acc": 0.47368421052631576,
  "sunnybrook_mae": 248.11590576171875,
  "sunnybrook_rmse": 250.5197296142578,
  "sunnybrook_r2": -49.324752455723306
}