{
  "has_palsy_acc": {
    "mean": 0.6571637426900585,
    "std": 0.09325262343020183,
    "values": [
      0.7368421052631579,
      0.5263157894736842,
      0.7083333333333334
    ]
  },
  "palsy_side_acc": {
    "mean": 0.4861111111111111,
    "std": 0.15168436902384697,
    "values": [
      0.6842105263157895,
      0.3157894736842105,
      0.4583333333333333
    ]
  },
  "hb_grade_acc": {
    "mean": 0.1783625730994152,
    "std": 0.06498862798506687,
    "values": [
      0.2631578947368421,
      0.10526315789473684,
      0.16666666666666666
    ]
  },
  "hb_grade_adj_acc": {
    "mean": 0.3567251461988304,
    "std": 0.08752414939822084,
    "values": [
      0.47368421052631576,
      0.2631578947368421,
      0.3333333333333333
    ]
  },
  "hb_grade_mae": {
    "mean": 1.4649122807017543,
    "std": 0.1524398876928313,
    "values": [
      1.263157894736842,
      1.631578947368421,
      1.5
    ]
  },
  "sunnybrook_mae": {
    "mean": 28.410851160685223,
    "std": 3.793838402917746,
    "values": [
      23.124025344848633,
      31.846046447753906,
      30.262481689453125
    ]
  },
  "sunnybrook_rmse": {
    "mean": 30.76371701558431,
    "std": 3.0765248369638463,
    "values": [
      26.445287704467773,
      33.38215255737305,
      32.46371078491211
    ]
  },
  "sunnybrook_r2": {
    "mean": 0.0081511233737519,
    "std": 0.07920165590929201,
    "values": [
      0.0055361925304744375,
      0.10643397253102993,
      -0.08751679494024867
    ]
  },
  "action_severity_acc": {
    "mean": 0.4059351033505676,
    "std": 0.08406336075957832,
    "values": [
      0.3684210526315789,
      0.5223880597014925,
      0.3269961977186312
    ]
  },
  "action_severity_adj_acc": {
    "mean": 0.5502056246562651,
    "std": 0.08827098509074549,
    "values": [
      0.6028708133971292,
      0.6218905472636815,
      0.42585551330798477
    ]
  },
  "action_severity_mae": {
    "mean": 1.3203256191616373,
    "std": 0.26032097222205913,
    "values": [
      1.2057416267942584,
      1.0746268656716418,
      1.6806083650190113
    ]
  }
}