{
  "has_palsy_acc": 0.7368421052631579,
  "palsy_side_acc": 0.6842105263157895,
  "hb_grade_acc": 0.2631578947368421,
  "hb_grade_adj_acc": 0.47368421052631576,
  "hb_grade_mae": 1.263157894736842,
  "sunnybrook_mae": 23.124025344848633,
  "sunnybrook_rmse": 26.445287704467773,
  "sunnybrook_r2": 0.0055361925304744375,
  "action_severity_acc": 0.3684210526315789,
  "action_severity_adj_acc": 0.6028708133971292,
  "action_severity_mae": 1.2057416267942584
}